archive_submission_year	platform	library_strategy	library_layout	runs	bases	reads	spots	runs_with_bases	runs_with_reads	runs_with_spots	runs_with_count_unit_ratio	complete_record_bases	complete_record_reads	run_weighted_mean_bases_per_archive_count_unit	aggregate_bases_per_archive_count_unit
2022	BGISEQ	OTHER	PAIRED	7	22899163200	154145146	0	7	7	0	6	22899163200	154145146	141.66666666666666	148.55585008171454
2022	BGISEQ	OTHER	SINGLE	4	220145537000	2201455370	0	4	4	0	4	220145537000	2201455370	100.0	100.0
2022	BGISEQ	RNA-SEQ	PAIRED	320	1143505081700	11027403728	0	320	320	0	320	1143505081700	11027403728	112.65625	103.69667329731413
2022	BGISEQ	RNA-SEQ	SINGLE	69	51085365800	556679746	0	69	69	0	69	51085365800	556679746	128.2608695652174	91.76796204114098
2022	BGISEQ	WGS	PAIRED	262	312977692800	2086517952	0	262	262	0	244	312977692800	2086517952	150.0	150.0
2022	BGISEQ	WGS	SINGLE	20	5713373701050	38089158007	0	20	20	0	18	5713373701050	38089158007	150.0	150.0
2022	CAPILLARY	AMPLICON	SINGLE	2	1964	2	0	2	2	0	2	1964	2	982.0	982.0
2022	DNBSEQ	RNA-SEQ	PAIRED	37	146248395000	1462483950	0	37	37	0	37	146248395000	1462483950	100.0	100.0
2022	DNBSEQ	WGS	PAIRED	287	922592573578	5254585548	0	287	287	0	286	922592573578	5254585548	156.24898747784482	175.57856183903164
2022	DNBSEQ	WGS	SINGLE	1	0	0	0	1	1	0	0	0	0		
2022	ILLUMINA	AMPLICON	PAIRED	21194	7253442981866	54750780183	0	21194	21194	0	21120	7253442981866	54750780183	226.93679798585126	132.48108899310586
2022	ILLUMINA	AMPLICON	SINGLE	4003	310362561828	3129601803	0	4003	4003	0	4003	310362561828	3129601803	224.40667873884541	99.16998435088134
2022	ILLUMINA	ATAC-SEQ	PAIRED	198	2149720214538	16409191928	0	198	198	0	162	2149720214538	16409191928	136.23899608087697	131.00707359451394
2022	ILLUMINA	BISULFITE-SEQ	PAIRED	130	981771330248	6567872876	0	130	130	0	130	981771330248	6567872876	128.20050876097173	149.4808667560453
2022	ILLUMINA	BISULFITE-SEQ	SINGLE	33	106544565600	1065445656	0	33	33	0	33	106544565600	1065445656	100.0	100.0
2022	ILLUMINA	CHIP-SEQ	PAIRED	1152	18869666842260	127642754590	0	1152	1152	0	1151	18869666842260	127642754590	145.52468569901214	147.83186795733974
2022	ILLUMINA	CHIP-SEQ	SINGLE	83	261203583730	3310869172	0	83	83	0	83	261203583730	3310869172	80.67595297066688	78.89275297828047
2022	ILLUMINA	CLONEEND	SINGLE	2	0	0	0	2	2	0	0	0	0		
2022	ILLUMINA	GBS	SINGLE	172	10826442503	135765010	0	172	172	0	95	10826442503	135765010	79.78592596293277	79.74398192140964
2022	ILLUMINA	HI-C	PAIRED	193	24445063689370	161962466724	0	193	193	0	191	24445063689370	161962466724	150.92565378770368	150.93042347290745
2022	ILLUMINA	MIRNA-SEQ	SINGLE	94	84883343716	1316679194	0	94	94	0	93	84883343716	1316679194	67.51493920795967	64.46774894204032
2022	ILLUMINA	NCRNA-SEQ	PAIRED	13	67474302000	449828680	0	13	13	0	13	67474302000	449828680	150.0	150.0
2022	ILLUMINA	NCRNA-SEQ	SINGLE	81	56213864973	1085100253	0	81	81	0	81	56213864973	1085100253	52.81481481481482	51.80522704476782
2022	ILLUMINA	OTHER	PAIRED	627	524460718461	5240253898	0	627	627	0	622	524460718461	5240253898	145.2197350117634	100.08307396348985
2022	ILLUMINA	OTHER	SINGLE	2040	2697745859699	50093820683	0	2040	2040	0	1985	2697745859699	50093820683	57.87797177376116	53.8538650659265
2022	ILLUMINA	POOLCLONE	PAIRED	752	1529967808744	10132237144	0	752	752	0	751	1529967808744	10132237144	151.0	151.0
2022	ILLUMINA	RAD-SEQ	PAIRED	299	469097216288	3141419048	0	299	299	0	299	469097216288	3141419048	148.01158640940318	149.3265333660764
2022	ILLUMINA	RAD-SEQ	SINGLE	44	62013245280	442951752	0	44	44	0	44	62013245280	442951752	140.0	140.0
2022	ILLUMINA	RIP-SEQ	SINGLE	21	14834365896	319917669	0	21	21	0	21	14834365896	319917669	74.0	46.36932352742293
2022	ILLUMINA	RNA-SEQ	PAIRED	10903	57362696016740	472533385850	0	10903	10903	0	10226	57362696016740	472533385850	134.164988392774	121.39395381250182
2022	ILLUMINA	RNA-SEQ	SINGLE	3882	6101298157455	57154220223	0	3882	3882	0	3857	6101298157455	57154220223	66.08243290215887	106.75148980511706
2022	ILLUMINA	SNRNA-SEQ	PAIRED	7	398255268216	5104398580	0	7	7	0	7	398255268216	5104398580	74.35714285714286	78.02197692328329
2022	ILLUMINA	SSRNA-SEQ	PAIRED	138	243235507721	2354516586	0	138	138	0	78	243235507721	2354516586	103.84926048926629	103.30592239922322
2022	ILLUMINA	SSRNA-SEQ	SINGLE	250	336763667816	5572052588	0	250	250	0	250	336763667816	5572052588	67.52702959771572	60.437991655221616
2022	ILLUMINA	SYNTHETIC-LONG-READ	SINGLE	6	0	0	0	6	6	0	0	0	0		
2022	ILLUMINA	TARGETED-CAPTURE	PAIRED	627	2462334832465	22449968599	0	627	627	0	627	2462334832465	22449968599	135.25821561881003	109.68099227429124
2022	ILLUMINA	TARGETED-CAPTURE	SINGLE	1670	1012706584893	18883734187	0	1670	1670	0	1629	1012706584893	18883734187	52.21101506847671	53.62851302949237
2022	ILLUMINA	TN-SEQ	SINGLE	28	16849027389	536584275	0	28	28	0	28	16849027389	536584275	44.15102136148094	31.400523969883388
2022	ILLUMINA	WGA	PAIRED	230	1238668578196	8156516228	0	230	230	0	208	1238668578196	8156516228	202.51175815617688	151.86245494661694
2022	ILLUMINA	WGA	SINGLE	20	249128491085	1740337194	0	20	20	0	20	249128491085	1740337194	127.49772327576045	143.14955282453155
2022	ILLUMINA	WGS	PAIRED	45724	174729410724932	1195728912148	0	45724	45724	0	44663	174729410724932	1195728912148	154.1652942384472	146.1279466857159
2022	ILLUMINA	WGS	SINGLE	8516	11290941935938	96865403782	0	8516	8516	0	7694	11290941935938	96865403782	78.75396317277547	116.56320518054908
2022	ILLUMINA	WXS	PAIRED	1300	3851660287021	35952799695	0	1300	1300	0	275	3851660287021	35952799695	107.93401286522337	107.13102511336983
2022	ION_TORRENT	AMPLICON	SINGLE	157	10572521177	58429377	0	157	157	0	157	10572521177	58429377	267.31785047332914	180.94530046075965
2022	ION_TORRENT	OTHER	SINGLE	76	88949864156	467113423	0	76	76	0	76	88949864156	467113423	187.9502537701931	190.42455167467966
2022	ION_TORRENT	RNA-SEQ	SINGLE	44	17555416083	132835060	0	44	44	0	44	17555416083	132835060	132.00414382359872	132.15950730929018
2022	ION_TORRENT	WGS	SINGLE	927	642233798737	4297020775	0	927	927	0	926	642233798737	4297020775	181.90488776761515	149.46024987207562
2022	LS454	AMPLICON	SINGLE	166	2495561448	5637956	0	166	166	0	166	2495561448	5637956	429.3816201999289	442.6358502975192
2022	OXFORD_NANOPORE	AMPLICON	SINGLE	721	49774437373	33312171	0	721	721	0	373	49774437373	33312171	1459.0803617430704	1494.1817323464147
2022	OXFORD_NANOPORE	FL-CDNA	SINGLE	88	6386123832	10321550	0	88	88	0	34	6386123832	10321550	680.26847008759	618.7175213025175
2022	OXFORD_NANOPORE	OTHER	SINGLE	29	3109174282	6605715	0	29	29	0	11	3109174282	6605715	624.6745915200817	470.67944681234354
2022	OXFORD_NANOPORE	RNA-SEQ	SINGLE	26	48069095420	42210595	0	26	26	0	26	48069095420	42210595	1174.3220854873232	1138.792178124947
2022	OXFORD_NANOPORE	SSRNA-SEQ	SINGLE	1	783036286	912349	0	1	1	0	1	783036286	912349	858.2639823137856	858.2639823137856
2022	OXFORD_NANOPORE	WGA	SINGLE	21	11944910747	2631350	0	21	21	0	9	11944910747	2631350	6533.541019899119	4539.4610169684765
2022	OXFORD_NANOPORE	WGS	PAIRED	69	43255503298	152491650	0	69	69	0	69	43255503298	152491650	285.3891765587031	283.65817602472004
2022	OXFORD_NANOPORE	WGS	SINGLE	750	1738637625013	209715609	0	750	750	0	644	1738637625013	209715609	7742.737195835789	8290.45407398836
2022	PACBIO_SMRT	OTHER	SINGLE	100	197843448834	129885207	0	100	100	0	100	197843448834	129885207	1236.4987460708467	1523.2177197361668
2022	PACBIO_SMRT	RNA-SEQ	SINGLE	1	295366502085	147300293	0	1	1	0	1	295366502085	147300293	2005.1996915240352	2005.1996915240352
2022	PACBIO_SMRT	TARGETED-CAPTURE	SINGLE	1	1244665327	265155	0	1	1	0	1	1244665327	265155	4694.104682167034	4694.104682167034
2022	PACBIO_SMRT	WGA	SINGLE	1	750548375	134843	0	1	1	0	1	750548375	134843	5566.090749983314	5566.090749983314
2022	PACBIO_SMRT	WGS	SINGLE	1261	13413976150712	1431109989	0	1261	1261	0	1253	13413976150712	1431109989	8565.733119585811	9373.12733040535
2023	ABI_SOLID	RNA-SEQ	SINGLE	177	195589359000	3911787180	0	177	177	0	177	195589359000	3911787180	50.0	50.0
2023	BGISEQ	RNA-SEQ	PAIRED	310	1292215741100	11963127836	0	310	310	0	310	1292215741100	11963127836	112.41935483870968	108.01654540641155
2023	BGISEQ	RNA-SEQ	SINGLE	2	3759032900	75180658	0	2	2	0	2	3759032900	75180658	50.0	50.0
2023	BGISEQ	SYNTHETIC-LONG-READ	PAIRED	2	0	0	0	2	2	0	0	0	0		
2023	BGISEQ	WGA	PAIRED	61	428958446700	4048927646	0	61	61	0	61	428958446700	4048927646	109.8360655737705	105.94371749857642
2023	BGISEQ	WGA	SINGLE	103	233101524480	2614588797	0	103	103	0	103	233101524480	2614588797	93.47411563969929	89.15418162407127
2023	BGISEQ	WGS	PAIRED	483	1320303871287	10191682512	0	483	483	0	450	1320303871287	10191682512	146.70635152999432	129.54719397238225
2023	BGISEQ	WGS	SINGLE	130	6159604050	121856817	0	130	130	0	130	6159604050	121856817	148.46153846153845	50.547882356060555
2023	CAPILLARY	AMPLICON	SINGLE	42	24753	42	0	42	42	0	42	24753	42	589.3571428571429	589.3571428571429
2023	CAPILLARY	CLONE	SINGLE	20	18837	20	0	20	20	0	20	18837	20	941.85	941.85
2023	DNBSEQ	BISULFITE-SEQ	PAIRED	5	175041364500	1166942430	0	5	5	0	5	175041364500	1166942430	150.0	150.0
2023	DNBSEQ	OTHER	PAIRED	24	83415713550	2138864450	0	24	24	0	24	83415713550	2138864450	39.0	39.0
2023	DNBSEQ	RNA-SEQ	PAIRED	188	1602815160410	13842660906	0	188	188	0	185	1602815160410	13842660906	116.14855838344535	115.78808231264782
2023	DNBSEQ	RNA-SEQ	SINGLE	15	3558338550	25438164	0	15	15	0	3	3558338550	25438164	116.66666666666667	139.88189359892482
2023	DNBSEQ	SSRNA-SEQ	PAIRED	4	116190916320	806082108	0	4	4	0	4	116190916320	806082108	115.0	144.14278045233576
2023	DNBSEQ	WGA	PAIRED	770	702701386156	4738323408	0	770	770	0	770	702701386156	4738323408	145.0194848678651	148.3016935841877
2023	DNBSEQ	WGS	PAIRED	2089	13904355761502	88620757849	0	2089	2089	0	2065	13904355761502	88620757849	153.79012244568054	156.89727891058536
2023	DNBSEQ	WGS	SINGLE	93	1580180782520	14463998120	0	93	93	0	93	1580180782520	14463998120	134.94608442208337	109.24923865518312
2023	DNBSEQ	WXS	PAIRED	2	33932388600	226215924	0	2	2	0	2	33932388600	226215924	150.0	150.0
2023	ILLUMINA	AMPLICON	PAIRED	79477	6870298881826	45017013143	0	79477	79477	0	78203	6870298881826	45017013143	260.59156012610384	152.61560912542038
2023	ILLUMINA	AMPLICON	SINGLE	19716	738664104191	10115941531	0	19716	19716	0	19681	738664104191	10115941531	194.709704616017	73.01980759056248
2023	ILLUMINA	ATAC-SEQ	PAIRED	5745	2985451653636	27498620636	0	5745	5745	0	5651	2985451653636	27498620636	148.7227482141095	108.56732390887913
2023	ILLUMINA	ATAC-SEQ	SINGLE	35	840227906786	7228434339	0	35	35	0	32	840227906786	7228434339	85.40625	116.23926667669492
2023	ILLUMINA	BISULFITE-SEQ	PAIRED	518	8068490211986	59645751250	0	518	518	0	518	8068490211986	59645751250	135.25725417152432	135.27351140515646
2023	ILLUMINA	BISULFITE-SEQ	SINGLE	3	14777428958	152300339	0	3	3	0	3	14777428958	152300339	103.64586656788013	97.02820791488848
2023	ILLUMINA	CHIP-SEQ	PAIRED	1109	8926895012028	70755291679	0	1109	1109	0	1104	8926895012028	70755291679	99.98427965570635	126.16575806834643
2023	ILLUMINA	CHIP-SEQ	SINGLE	152	298696280032	3832444980	0	152	152	0	152	298696280032	3832444980	75.48114093200404	77.93883058746482
2023	ILLUMINA	CLONEEND	PAIRED	87	863587953330	7391113102	0	87	87	0	87	863587953330	7391113102	75.91954022988506	116.84139336148397
2023	ILLUMINA	CLONEEND	SINGLE	7	353270750192	2339541392	0	7	7	0	6	353270750192	2339541392	151.0	151.0
2023	ILLUMINA	FL-CDNA	PAIRED	29	407787159300	2718581062	0	29	29	0	13	407787159300	2718581062	150.0	150.0
2023	ILLUMINA	FL-CDNA	SINGLE	79	0	0	0	79	79	0	0	0	0		
2023	ILLUMINA	GBS	PAIRED	117	180834439693	1382128316	0	117	117	0	117	180834439693	1382128316	131.16578116589653	130.83766362326665
2023	ILLUMINA	GBS	SINGLE	1513	184030767616	1683198928	0	1513	1513	0	1513	184030767616	1683198928	107.4256444150694	109.33393822598727
2023	ILLUMINA	HI-C	PAIRED	583	74952341080439	500307959820	0	583	583	0	583	74952341080439	500307959820	147.8944521796065	149.81240975539393
2023	ILLUMINA	HI-C	SINGLE	4	27376631550	182510877	0	4	4	0	2	27376631550	182510877	150.0	150.0
2023	ILLUMINA	MIRNA-SEQ	PAIRED	16	27141016804	296426364	0	16	16	0	16	27141016804	296426364	94.5	91.56073851784654
2023	ILLUMINA	MIRNA-SEQ	SINGLE	571	466341263979	8730995636	0	571	571	0	571	466341263979	8730995636	55.62050002037568	53.412151766078374
2023	ILLUMINA	MNASE-SEQ	PAIRED	19	449923607404	4702797542	0	19	19	0	19	449923607404	4702797542	62.0	95.67148136525074
2023	ILLUMINA	MNASE-SEQ	SINGLE	137	15345561500	182890389	0	137	137	0	137	15345561500	182890389	84.21897810218978	83.90578413609258
2023	ILLUMINA	NCRNA-SEQ	PAIRED	7	1673752877	33554770	0	7	7	0	7	1673752877	33554770	49.68787046496926	49.881220374927324
2023	ILLUMINA	NCRNA-SEQ	SINGLE	70	69149663110	1465788370	0	70	70	0	58	69149663110	1465788370	48.51160646340598	47.17574823574293
2023	ILLUMINA	OTHER	PAIRED	2913	20779118141231	164226466778	0	2913	2913	0	2662	20779118141231	164226466778	126.41669665335215	126.5272190829024
2023	ILLUMINA	OTHER	SINGLE	3088	1635797320563	21763876066	0	3088	3088	0	3023	1635797320563	21763876066	69.12006443575352	75.16112091441644
2023	ILLUMINA	RAD-SEQ	PAIRED	2452	1730627518381	12187407862	0	2452	2452	0	2434	1730627518381	12187407862	135.67355522880823	142.00128017189354
2023	ILLUMINA	RAD-SEQ	SINGLE	1014	102551407340	854865411	0	1014	1014	0	1014	102551407340	854865411	119.21385820428571	119.96205018990996
2023	ILLUMINA	RIBO-SEQ	SINGLE	4	13459987425	179466499	0	4	4	0	4	13459987425	179466499	75.0	75.0
2023	ILLUMINA	RIP-SEQ	PAIRED	17	50433735944	584341996	0	17	17	0	17	50433735944	584341996	85.82352941176471	86.30859375029414
2023	ILLUMINA	RIP-SEQ	SINGLE	25	34873725502	521372292	0	25	25	0	25	34873725502	521372292	74.23873900890108	66.88833687003834
2023	ILLUMINA	RNA-SEQ	PAIRED	34316	98375423727072	913802551818	0	34316	34316	0	33552	98375423727072	913802551818	95.47691268927491	107.65501095543583
2023	ILLUMINA	RNA-SEQ	SINGLE	5873	13239240297938	152626863005	0	5873	5873	0	5552	13239240297938	152626863005	100.50893124240737	86.74253035983769
2023	ILLUMINA	SELEX	SINGLE	30	4325499992	114767125	0	30	30	0	30	4325499992	114767125	64.53322517440736	37.68936437154804
2023	ILLUMINA	SNRNA-SEQ	SINGLE	5	0	0	0	5	5	0	0	0	0		
2023	ILLUMINA	SSRNA-SEQ	PAIRED	1292	6411399486344	63824934094	0	1292	1292	0	1175	6411399486344	63824934094	127.8492861661819	100.4528963069735
2023	ILLUMINA	SSRNA-SEQ	SINGLE	273	451453017099	5407874491	0	273	273	0	257	451453017099	5407874491	69.98019639563192	83.48067579052105
2023	ILLUMINA	SYNTHETIC-LONG-READ	SINGLE	6	172713995847	1829973784	0	6	6	0	5	172713995847	1829973784	93.8	94.38058476962313
2023	ILLUMINA	TARGETED-CAPTURE	PAIRED	3049	4623365022148	39559189869	0	3049	3049	0	3040	4623365022148	39559189869	144.77680750535717	116.87208553709627
2023	ILLUMINA	TARGETED-CAPTURE	SINGLE	2059	1203862912460	17100372152	0	2059	2059	0	2040	1203862912460	17100372152	69.4773416359888	70.39980777957516
2023	ILLUMINA	TETHERED CHROMATIN CONFORMATION CAPTURE	PAIRED	5	192197353594	1276635578	0	5	5	0	5	192197353594	1276635578	148.7208978967232	150.5498960753544
2023	ILLUMINA	TETHERED CHROMATIN CONFORMATION CAPTURE	SINGLE	25	8773379406	147395036	0	25	25	0	25	8773379406	147395036	60.23253158847848	59.52289604922652
2023	ILLUMINA	TN-SEQ	PAIRED	6	24345906261	275094986	0	6	6	0	6	24345906261	275094986	88.5	88.5
2023	ILLUMINA	TN-SEQ	SINGLE	55	27233523084	371587912	0	55	55	0	55	27233523084	371587912	71.95196369129964	73.28958290763775
2023	ILLUMINA	WGA	PAIRED	1265	8620848542716	58950809384	0	1265	1265	0	1258	8620848542716	58950809384	169.39496930680704	146.2380013573793
2023	ILLUMINA	WGA	SINGLE	101	1498972247494	10682891392	0	101	101	0	100	1498972247494	10682891392	92.62631855082451	140.31521921270507
2023	ILLUMINA	WGS	PAIRED	157833	481354689235148	3284449849380	0	157833	157833	0	153830	481354689235148	3284449849380	152.3174372436753	146.5556520298255
2023	ILLUMINA	WGS	SINGLE	6474	32229946843925	260366311210	0	6474	6474	0	6294	32229946843925	260366311210	90.58353189098317	123.7869319350219
2023	ILLUMINA	WXS	PAIRED	1922	10514777279361	92815060955	0	1922	1922	0	1483	10514777279361	92815060955	104.51874957064045	113.28740369474016
2023	ILLUMINA	WXS	SINGLE	128	248263140487	2348478833	0	128	128	0	96	248263140487	2348478833	107.4709659708962	105.71231769198577
2023	ION_TORRENT	AMPLICON	SINGLE	1457	269662586364	1556859230	0	1457	1457	0	1455	269662586364	1556859230	281.62659614596674	173.20935712601326
2023	ION_TORRENT	OTHER	SINGLE	99	10916599840	86011946	0	99	99	0	99	10916599840	86011946	212.9308068634181	126.91957742707042
2023	ION_TORRENT	RNA-SEQ	SINGLE	52	46587638868	395232020	0	52	52	0	52	46587638868	395232020	166.2082571020678	117.87415115809696
2023	ION_TORRENT	SSRNA-SEQ	SINGLE	9	19394479390	183487790	0	9	9	0	9	19394479390	183487790	104.01669957359454	105.69901893744537
2023	ION_TORRENT	WGA	SINGLE	1	778312512	2466588	0	1	1	0	1	778312512	2466588	315.5421626959995	315.5421626959995
2023	ION_TORRENT	WGS	SINGLE	4134	1452906584133	9842972341	0	4134	4134	0	4133	1452906584133	9842972341	151.28850191289783	147.60852045484785
2023	LS454	AMPLICON	SINGLE	45	176744470	486993	0	45	45	0	45	176744470	486993	408.1501002835842	362.93020638900356
2023	LS454	ATAC-SEQ	PAIRED	6	120275982916	1190851316	0	6	6	0	6	120275982916	1190851316	101.0	101.0
2023	OXFORD_NANOPORE	AMPLICON	SINGLE	1088	56501429787	46269598	0	1088	1088	0	1059	56501429787	46269598	1559.7565093756627	1221.1350914913935
2023	OXFORD_NANOPORE	FL-CDNA	SINGLE	467	20139890765	39431726	0	467	467	0	303	20139890765	39431726	518.3816696243388	510.7534670179033
2023	OXFORD_NANOPORE	NCRNA-SEQ	SINGLE	16	0	0	0	16	16	0	0	0	0		
2023	OXFORD_NANOPORE	OTHER	SINGLE	99	29412959033	23863510	0	99	99	0	71	29412959033	23863510	1588.8468020991681	1232.549571835828
2023	OXFORD_NANOPORE	RNA-SEQ	SINGLE	170	208530027894	206082045	0	170	170	0	101	208530027894	206082045	810.7111891092517	1011.8786811048968
2023	OXFORD_NANOPORE	SSRNA-SEQ	SINGLE	2	1314307990	1715236	0	2	2	0	2	1314307990	1715236	703.9952524377707	766.2549002003223
2023	OXFORD_NANOPORE	TARGETED-CAPTURE	SINGLE	8	9697595655	769453	0	8	8	0	8	9697595655	769453	8676.875563241822	12603.233277406158
2023	OXFORD_NANOPORE	WGA	SINGLE	135	114806060286	455912691	0	135	135	0	127	114806060286	455912691	3303.654789810512	251.81589052540764
2023	OXFORD_NANOPORE	WGS	PAIRED	238	61104889369	205474134	0	238	238	0	237	61104889369	205474134	296.3776998219619	297.3848249385979
2023	OXFORD_NANOPORE	WGS	SINGLE	1432	4951169252743	536001013	0	1432	1432	0	1070	4951169252743	536001013	66617.3641232069	9237.238610858745
2023	PACBIO_SMRT	AMPLICON	SINGLE	4643	46743585198	29547752	0	4643	4643	0	4643	46743585198	29547752	4414.37160463338	1581.9675621346762
2023	PACBIO_SMRT	FL-CDNA	SINGLE	3	153540765779	82678895	0	3	3	0	3	153540765779	82678895	1350.4132550450188	1857.0732685650914
2023	PACBIO_SMRT	HI-C	SINGLE	10	118021042633	11033586	0	10	10	0	10	118021042633	11033586	11093.968476234086	10696.5262819359
2023	PACBIO_SMRT	OTHER	SINGLE	59	555235908843	174571725	0	59	59	0	59	555235908843	174571725	3116.530159280594	3180.560361897094
2023	PACBIO_SMRT	RNA-SEQ	SINGLE	17	131551852725	59859447	0	17	17	0	17	131551852725	59859447	1944.2929509104433	2197.679051812824
2023	PACBIO_SMRT	TARGETED-CAPTURE	SINGLE	4	9376758236	1695323	0	4	4	0	4	9376758236	1695323	5509.5815029557525	5530.956776968164
2023	PACBIO_SMRT	WGA	SINGLE	7	145137956830	14172088	0	7	7	0	7	145137956830	14172088	9643.295207968878	10241.113153545193
2023	PACBIO_SMRT	WGS	PAIRED	2	1842941998	581756	0	2	2	0	1	1842941998	581756	3167.8951278542895	3167.8951278542895
2023	PACBIO_SMRT	WGS	SINGLE	1831	29271927465567	3070483747	0	1831	1831	0	1529	29271927465567	3070483747	10927.61612850245	9533.32760486584
2024	ABI_SOLID	AMPLICON	SINGLE	26	17182	26	0	26	26	0	26	17182	26	660.8461538461538	660.8461538461538
2024	BGISEQ	AMPLICON	PAIRED	20	480810543	1735756	0	20	20	0	20	480810543	1735756	277.00346235695974	277.0035321784859
2024	BGISEQ	CHIP-SEQ	PAIRED	5	22515052000	225150520	0	5	5	0	5	22515052000	225150520	100.0	100.0
2024	BGISEQ	CHIP-SEQ	SINGLE	2	2301652750	46033055	0	2	2	0	2	2301652750	46033055	50.0	50.0
2024	BGISEQ	RNA-SEQ	PAIRED	95	712110142742	6651422608	0	95	95	0	95	712110142742	6651422608	107.8689035250151	107.06132878784598
2024	BGISEQ	RNA-SEQ	SINGLE	4	34326885800	343268858	0	4	4	0	4	34326885800	343268858	100.0	100.0
2024	BGISEQ	SSRNA-SEQ	PAIRED	12	53923393200	539233932	0	12	12	0	12	53923393200	539233932	100.0	100.0
2024	BGISEQ	WGS	PAIRED	224	5073209453917	47682435938	0	224	224	0	224	5073209453917	47682435938	104.56115814950688	106.39576930410053
2024	BGISEQ	WGS	SINGLE	31	1645058421869	14469919979	0	31	31	0	31	1645058421869	14469919979	104.21498145114477	113.68814922656456
2024	CAPILLARY	AMPLICON	PAIRED	243	344850	486	0	243	243	0	243	344850	486	709.5679012345679	709.5679012345679
2024	CAPILLARY	AMPLICON	SINGLE	220	85159	220	0	220	220	0	220	85159	220	387.0863636363636	387.0863636363636
2024	COMPLETE_GENOMICS	WGS	PAIRED	1	1302803700	8685358	0	1	1	0	1	1302803700	8685358	150.0	150.0
2024	DNBSEQ	AMPLICON	PAIRED	61	7255233997	26263886	0	61	61	0	61	7255233997	26263886	276.18924211022096	276.24373624679913
2024	DNBSEQ	ATAC-SEQ	PAIRED	35	80657294928	2781286032	0	35	35	0	18	80657294928	2781286032	29.0	29.0
2024	DNBSEQ	BISULFITE-SEQ	PAIRED	32	582209188446	5538816594	0	32	32	0	32	582209188446	5538816594	120.26289172278915	105.11436487654893
2024	DNBSEQ	BISULFITE-SEQ	SINGLE	2	6335207800	63352078	0	2	2	0	2	6335207800	63352078	100.0	100.0
2024	DNBSEQ	CHIP-SEQ	PAIRED	8	80967403500	539782690	0	8	8	0	8	80967403500	539782690	150.0	150.0
2024	DNBSEQ	HI-C	PAIRED	4	337111922300	2994387244	0	4	4	0	2	337111922300	2994387244	125.0	112.58127116841271
2024	DNBSEQ	MIRNA-SEQ	SINGLE	14	13250807100	265016142	0	14	14	0	14	13250807100	265016142	50.0	50.0
2024	DNBSEQ	NCRNA-SEQ	SINGLE	4	1895160041	81914416	0	4	4	0	4	1895160041	81914416	23.135641461702264	23.135854878096183
2024	DNBSEQ	OTHER	PAIRED	14	122412495150	960699134	0	14	14	0	14	122412495150	960699134	126.42857142857143	127.42022014771588
2024	DNBSEQ	OTHER	SINGLE	2	69333603768	1777784712	0	2	2	0	2	69333603768	1777784712	39.0	39.0
2024	DNBSEQ	RNA-SEQ	PAIRED	127	1030925600149	9099917702	0	127	127	0	125	1030925600149	9099917702	119.01536503262345	113.28955204973127
2024	DNBSEQ	RNA-SEQ	SINGLE	8	37791332533	387971407	0	8	8	0	8	37791332533	387971407	97.38588770389414	97.40751986137988
2024	DNBSEQ	SSRNA-SEQ	PAIRED	49	539730340600	3622281402	0	49	49	0	49	539730340600	3622281402	148.9795918367347	149.00287434929663
2024	DNBSEQ	WGA	PAIRED	596	5579803499530	55825733138	0	596	596	0	596	5579803499530	55825733138	99.85670775398306	99.95038463242116
2024	DNBSEQ	WGS	PAIRED	2344	22330511999859	149876088932	0	2344	2344	0	2336	22330511999859	149876088932	149.09658785800482	148.99315934238538
2024	DNBSEQ	WGS	SINGLE	14	426360438200	2861151177	0	14	14	0	14	426360438200	2861151177	142.85714285714286	149.01709550596038
2024	ILLUMINA	AMPLICON	PAIRED	62649	8811519741168	56561553246	0	62649	62649	0	62524	8811519741168	56561553246	240.2167258483377	155.78638201190392
2024	ILLUMINA	AMPLICON	SINGLE	9268	1796598854044	19046521246	0	9268	9268	0	9267	1796598854044	19046521246	260.6157588471138	94.32687632768149
2024	ILLUMINA	ATAC-SEQ	PAIRED	264	2890321796088	28701750589	0	264	264	0	225	2890321796088	28701750589	98.62734873862941	100.70193409024051
2024	ILLUMINA	ATAC-SEQ	SINGLE	24	24439210279	211833758	0	24	24	0	2	24439210279	211833758	111.98676177892882	115.36976216510307
2024	ILLUMINA	BISULFITE-SEQ	PAIRED	335	8335442925530	56008646948	0	335	335	0	326	8335442925530	56008646948	148.35582822085888	148.8242151835744
2024	ILLUMINA	BISULFITE-SEQ	SINGLE	450	555298068115	5793280156	0	450	450	0	450	555298068115	5793280156	96.58539917317141	95.85209987469489
2024	ILLUMINA	CHIP-SEQ	PAIRED	675	3517268766333	37999796213	0	675	675	0	665	3517268766333	37999796213	94.06578609273915	92.56020076049033
2024	ILLUMINA	CHIP-SEQ	SINGLE	235	649933986786	8318424261	0	235	235	0	234	649933986786	8318424261	81.15442533186163	78.13186324640145
2024	ILLUMINA	CLONE	PAIRED	16	553939910	2560468	0	16	16	0	16	553939910	2560468	217.54223782891734	216.34322709754622
2024	ILLUMINA	CLONEEND	PAIRED	1	1650857806	38392042	0	1	1	0	1	1650857806	38392042	43.0	43.0
2024	ILLUMINA	CLONEEND	SINGLE	4	0	0	0	4	4	0	0	0	0		
2024	ILLUMINA	DNASE-HYPERSENSITIVITY	PAIRED	2	22933058800	229330588	0	2	2	0	2	22933058800	229330588	100.0	100.0
2024	ILLUMINA	FL-CDNA	SINGLE	12	19988475500	159907804	0	12	12	0	12	19988475500	159907804	125.0	125.0
2024	ILLUMINA	GBS	PAIRED	309	736367899671	4933267252	0	309	309	0	309	736367899671	4933267252	143.94822006472492	149.26576284154655
2024	ILLUMINA	GBS	SINGLE	419	249311463384	1948873563	0	419	419	0	419	249311463384	1948873563	103.06572160300551	127.92593019745324
2024	ILLUMINA	HI-C	PAIRED	865	105887010909832	706580726344	0	865	865	0	830	105887010909832	706580726344	147.6797315067734	149.85833459923833
2024	ILLUMINA	HI-C	SINGLE	6	530450461800	3536336412	0	6	6	0	6	530450461800	3536336412	150.0	150.0
2024	ILLUMINA	MBD-SEQ	PAIRED	4	16304460968	320169448	0	4	4	0	4	16304460968	320169448	50.92540860657179	50.92447474251197
2024	ILLUMINA	MEDIP-SEQ	PAIRED	2	20818037400	138786916	0	2	2	0	2	20818037400	138786916	150.0	150.0
2024	ILLUMINA	MIRNA-SEQ	PAIRED	80	67669743980	1418767640	0	80	80	0	80	67669743980	1418767640	35.20228219896855	47.69614281588774
2024	ILLUMINA	MIRNA-SEQ	SINGLE	252	295318657068	3510220119	0	252	252	0	252	295318657068	3510220119	84.37112259427603	84.13109350878288
2024	ILLUMINA	MNASE-SEQ	PAIRED	16	13318183707	179021374	0	16	16	0	16	13318183707	179021374	74.12643156951324	74.39437766241254
2024	ILLUMINA	NCRNA-SEQ	PAIRED	44	564129102003	4818309054	0	44	44	0	44	564129102003	4818309054	97.67382757152123	117.08030673845604
2024	ILLUMINA	NCRNA-SEQ	SINGLE	190	176471302559	3212105111	0	190	190	0	190	176471302559	3212105111	55.82176196069051	54.93945448879179
2024	ILLUMINA	OTHER	PAIRED	3049	8740461002852	82092245152	0	3049	3049	0	2904	8740461002852	82092245152	151.49319712285248	106.47121401867345
2024	ILLUMINA	OTHER	SINGLE	1865	1889933128032	30247539702	0	1865	1865	0	1781	1889933128032	30247539702	54.55470401902401	62.48221001283736
2024	ILLUMINA	POOLCLONE	PAIRED	3	2088934	13834	0	3	3	0	3	2088934	13834	151.0	151.0
2024	ILLUMINA	RAD-SEQ	PAIRED	2305	1369687466306	9595467898	0	2305	2305	0	2304	1369687466306	9595467898	145.12615113588785	142.74316592643558
2024	ILLUMINA	RAD-SEQ	SINGLE	662	188525994798	1657854151	0	662	662	0	662	188525994798	1657854151	113.44404288786001	113.71687592921435
2024	ILLUMINA	RIBO-SEQ	SINGLE	15	132258834356	2291921088	0	15	15	0	15	132258834356	2291921088	66.01159500243763	57.70653930821548
2024	ILLUMINA	RIP-SEQ	PAIRED	23	196022088270	1671479528	0	23	23	0	23	196022088270	1671479528	130.13861405515115	117.27459713763243
2024	ILLUMINA	RIP-SEQ	SINGLE	14	15998267869	175381939	0	14	14	0	14	15998267869	175381939	81.34096449439832	91.2195860087965
2024	ILLUMINA	RNA-SEQ	PAIRED	19891	100409833240312	912518138886	0	19891	19891	0	18553	100409833240312	912518138886	131.1442938508459	110.03598609326505
2024	ILLUMINA	RNA-SEQ	SINGLE	6809	9744422159109	110015454587	0	6809	6809	0	6509	9744422159109	110015454587	79.06877567491638	88.5732117881959
2024	ILLUMINA	SELEX	PAIRED	2186	161043444763	2967689562	0	2186	2186	0	2186	161043444763	2967689562	53.98619829462518	54.265596653063945
2024	ILLUMINA	SELEX	SINGLE	2460	38874967207	831655430	0	2460	2460	0	2460	38874967207	831655430	40.77939924237925	46.744079103770176
2024	ILLUMINA	SNRNA-SEQ	PAIRED	6	148175626580	2505945604	0	6	6	0	6	148175626580	2505945604	59.333333333333336	59.12962609542741
2024	ILLUMINA	SNRNA-SEQ	SINGLE	3	0	0	0	3	3	0	0	0	0		
2024	ILLUMINA	SSRNA-SEQ	PAIRED	764	4999203264490	50769496578	0	764	764	0	704	4999203264490	50769496578	108.06092665723287	98.46863966455618
2024	ILLUMINA	SSRNA-SEQ	SINGLE	880	335877417899	5351607768	0	880	880	0	772	335877417899	5351607768	53.35219483541636	62.76196471411505
2024	ILLUMINA	TARGETED-CAPTURE	PAIRED	1909	4814003202217	39617235215	0	1909	1909	0	1899	4814003202217	39617235215	140.4244440370849	121.51285106322379
2024	ILLUMINA	TARGETED-CAPTURE	SINGLE	1937	1610452907760	21887203263	0	1937	1937	0	1936	1610452907760	21887203263	80.45336290092985	73.57965695335993
2024	ILLUMINA	TETHERED CHROMATIN CONFORMATION CAPTURE	SINGLE	1	4908238784	57072544	0	1	1	0	1	4908238784	57072544	86.0	86.0
2024	ILLUMINA	TN-SEQ	PAIRED	12	270176202012	2105136090	0	12	12	0	12	270176202012	2105136090	142.0	128.34144229221778
2024	ILLUMINA	TN-SEQ	SINGLE	62	19249914361	258228167	0	62	62	0	62	19249914361	258228167	65.39213975731442	74.54614492539073
2024	ILLUMINA	VALIDATION	PAIRED	1	60567265	409566	0	1	1	0	1	60567265	409566	147.8815746424264	147.8815746424264
2024	ILLUMINA	WCS	PAIRED	25	8436443290	74239726	0	25	25	0	25	8436443290	74239726	114.1054811596688	113.6378559640697
2024	ILLUMINA	WCS	SINGLE	8	8830509897	83682952	0	8	8	0	8	8830509897	83682952	105.44811048628179	105.52340334504451
2024	ILLUMINA	WGA	PAIRED	2089	5641908987642	39799428589	0	2089	2089	0	2089	5641908987642	39799428589	139.65985059597142	141.75854246312832
2024	ILLUMINA	WGA	SINGLE	45	1147167280305	8320541322	0	45	45	0	45	1147167280305	8320541322	132.74887086262726	137.87171241753495
2024	ILLUMINA	WGS	PAIRED	113503	444792730826436	3116223368074	0	113503	113503	0	113280	444792730826436	3116223368074	148.06777840937397	142.73454701077566
2024	ILLUMINA	WGS	SINGLE	11092	21121364489829	198633361061	0	11092	11092	0	11062	21121364489829	198633361061	83.04831293895644	106.33341940653494
2024	ILLUMINA	WXS	PAIRED	2093	9083056127878	88311600171	0	2093	2093	0	1993	9083056127878	88311600171	109.4748726227898	102.8523558659366
2024	ILLUMINA	WXS	SINGLE	24	177374812850	1523538426	0	24	24	0	24	177374812850	1523538426	130.03471499013725	116.42293349678862
2024	ION_TORRENT	AMPLICON	SINGLE	430	104580324064	855449564	0	430	430	0	430	104580324064	855449564	215.6401799301687	122.25188773841026
2024	ION_TORRENT	CHIP-SEQ	SINGLE	6	4376425021	32117488	0	6	6	0	6	4376425021	32117488	141.6262259869005	136.26299232991073
2024	ION_TORRENT	WGS	SINGLE	419	113982480352	555548560	0	419	419	0	419	113982480352	555548560	238.73492320455506	205.17104814743828
2024	OXFORD_NANOPORE	AMPLICON	SINGLE	1329	94536776502	79466603	0	1329	1329	0	1211	94536776502	79466603	1021.0209187060676	1189.6415970115145
2024	OXFORD_NANOPORE	FL-CDNA	SINGLE	56	216767468804	257035914	0	56	56	0	51	216767468804	257035914	805.0783656753908	843.3353356371825
2024	OXFORD_NANOPORE	HI-C	SINGLE	9	0	0	0	9	9	0	0	0	0		
2024	OXFORD_NANOPORE	NCRNA-SEQ	SINGLE	6	0	0	0	6	6	0	0	0	0		
2024	OXFORD_NANOPORE	OTHER	SINGLE	254	124309856340	48333347	0	254	254	0	145	124309856340	48333347	3044.647345797402	2571.9273349722707
2024	OXFORD_NANOPORE	RNA-SEQ	SINGLE	26841	465005837380	452086910	0	26841	26841	0	26628	465005837380	452086910	1091.1045827375874	1028.576203146426
2024	OXFORD_NANOPORE	SSRNA-SEQ	SINGLE	1	321914356	403859	0	1	1	0	1	321914356	403859	797.0959072349508	797.0959072349508
2024	OXFORD_NANOPORE	SYNTHETIC-LONG-READ	SINGLE	9	5130782869	6342936	0	9	9	0	7	5130782869	6342936	750.8348539381012	808.8971525173831
2024	OXFORD_NANOPORE	TARGETED-CAPTURE	SINGLE	17	142112517285	9954236	0	17	17	0	17	142112517285	9954236	6702.039105381174	14276.587101712275
2024	OXFORD_NANOPORE	WGA	SINGLE	209	72625090596	10610372	0	209	209	0	136	72625090596	10610372	2039.846494415198	6844.726141175823
2024	OXFORD_NANOPORE	WGS	PAIRED	4	1345320203	14376356	0	4	4	0	4	1345320203	14376356	115.3662980993303	93.5786650664466
2024	OXFORD_NANOPORE	WGS	SINGLE	3811	22734113917433	3412503887	0	3811	3811	0	3382	22734113917433	3412503887	10524.808584602357	6662.003816036386
2024	PACBIO_SMRT	AMPLICON	SINGLE	444	75259470070	24049134	0	444	444	0	444	75259470070	24049134	1697.9615518451922	3129.4045793915075
2024	PACBIO_SMRT	FL-CDNA	SINGLE	113	251307038148	277814915	0	113	113	0	108	251307038148	277814915	1393.6886717750745	904.5843998260497
2024	PACBIO_SMRT	HI-C	SINGLE	5	4568380354	3477776	0	5	5	0	5	4568380354	3477776	1305.001497202919	1313.5924665648392
2024	PACBIO_SMRT	OTHER	PAIRED	2	603566281299	249527375	0	2	2	0	2	603566281299	249527375	2429.7009198942064	2418.837938318391
2024	PACBIO_SMRT	OTHER	SINGLE	15	360810456035	42423765	0	15	15	0	15	360810456035	42423765	9212.738195534084	8504.913602906296
2024	PACBIO_SMRT	RNA-SEQ	SINGLE	45	138269061601	109629969	0	45	45	0	45	138269061601	109629969	1558.1529676489704	1261.234157614329
2024	PACBIO_SMRT	WGA	SINGLE	27	664656401386	38147426	0	27	27	0	27	664656401386	38147426	16141.707611736896	17423.361706920932
2024	PACBIO_SMRT	WGS	SINGLE	2785	56698476976888	4981169692	0	2785	2785	0	2701	56698476976888	4981169692	15012.031090444518	11382.5628281543
2024	TAPESTRI	AMPLICON	PAIRED	8	79320892200	528805948	0	8	8	0	8	79320892200	528805948	150.0	150.0
2025	ABI_SOLID	WGS	SINGLE	2	1691604300	36931605	0	2	2	0	2	1691604300	36931605	45.79272103042531	45.80370390076467
2025	BGISEQ	AMPLICON	PAIRED	81	1559739962	5630790	0	81	81	0	81	1559739962	5630790	277.0021023076499	277.0019769872434
2025	BGISEQ	HI-C	PAIRED	9	1229978600456	8229794428	0	9	9	0	9	1229978600456	8229794428	149.45435286588426	149.45435286588423
2025	BGISEQ	RNA-SEQ	PAIRED	54	403200311800	2957059408	0	54	54	0	53	403200311800	2957059408	134.9056603773585	136.3517793079117
2025	BGISEQ	RNA-SEQ	SINGLE	8	9598845300	191976906	0	8	8	0	8	9598845300	191976906	50.0	50.0
2025	BGISEQ	SSRNA-SEQ	PAIRED	6	40042568400	266950456	0	6	6	0	6	40042568400	266950456	150.0	150.0
2025	BGISEQ	WCS	PAIRED	1	11673745274	86536434	0	1	1	0	1	11673745274	86536434	134.8997726668515	134.8997726668515
2025	BGISEQ	WGS	PAIRED	665	9945606630364	79227097016	0	665	665	0	662	9945606630364	79227097016	129.37023279095166	125.532892216857
2025	BGISEQ	WXS	PAIRED	1	6557167200	65571672	0	1	1	0	1	6557167200	65571672	100.0	100.0
2025	CAPILLARY	AMPLICON	SINGLE	162	844378	1354	0	162	162	0	138	844378	1354	623.456087139511	623.6174298375184
2025	CAPILLARY	CLONE	SINGLE	4	5609	4	0	4	4	0	4	5609	4	1402.25	1402.25
2025	CAPILLARY	WXS	SINGLE	1	11291726	1798	0	1	1	0	1	11291726	1798	6280.159065628476	6280.159065628476
2025	DNBSEQ	AMPLICON	PAIRED	136	200539518344	1315555627	0	136	136	0	136	200539518344	1315555627	250.68844768392853	152.43712559788244
2025	DNBSEQ	BISULFITE-SEQ	PAIRED	7	50516684400	505166844	0	7	7	0	7	50516684400	505166844	100.0	100.0
2025	DNBSEQ	CHIP-SEQ	PAIRED	3	227815760400	2278157604	0	3	3	0	3	227815760400	2278157604	100.0	100.0
2025	DNBSEQ	CHIP-SEQ	SINGLE	5	6304295750	126085915	0	5	5	0	5	6304295750	126085915	50.0	50.0
2025	DNBSEQ	HI-C	PAIRED	171	1442637003178	9722757410	0	171	171	0	171	1442637003178	9722757410	149.88111125921006	148.3773524673388
2025	DNBSEQ	NCRNA-SEQ	SINGLE	7	3723194773	173288389	0	7	7	0	7	3723194773	173288389	21.478624447940938	21.48554092103655
2025	DNBSEQ	OTHER	PAIRED	17	172717568800	1727175688	0	17	17	0	17	172717568800	1727175688	100.0	100.0
2025	DNBSEQ	RNA-SEQ	PAIRED	235	3592806657452	34450734017	0	235	235	0	231	3592806657452	34450734017	120.25011765001662	104.2882469696901
2025	DNBSEQ	RNA-SEQ	SINGLE	4	14329987641	72824859	0	4	4	0	4	14329987641	72824859	214.9612261774004	196.773297439546
2025	DNBSEQ	SSRNA-SEQ	PAIRED	5	40835514300	272236762	0	5	5	0	5	40835514300	272236762	150.0	150.0
2025	DNBSEQ	SSRNA-SEQ	SINGLE	3	149015436544	2328366196	0	3	3	0	2	149015436544	2328366196	64.0	64.0
2025	DNBSEQ	TARGETED-CAPTURE	PAIRED	5	665862014616	4409682216	0	5	5	0	5	665862014616	4409682216	151.0	151.0
2025	DNBSEQ	TARGETED-CAPTURE	SINGLE	6	314817416699	2552199366	0	6	6	0	6	314817416699	2552199366	123.34227691523706	123.3514203055405
2025	DNBSEQ	WGA	PAIRED	3442	28063199512000	191534754160	0	3442	3442	0	3442	28063199512000	191534754160	141.95170819408136	146.517532210145
2025	DNBSEQ	WGS	PAIRED	2586	42060927082427	304862724061	0	2586	2586	0	2569	42060927082427	304862724061	146.32900618651888	137.9667757413695
2025	DNBSEQ	WGS	SINGLE	1	36911258252	325270973	0	1	1	0	1	36911258252	325270973	113.47848814040962	113.47848814040962
2025	DNBSEQ	WXS	PAIRED	5	107716166070	1079543020	0	5	5	0	5	107716166070	1079543020	99.7794131021269	99.77941043053569
2025	ELEMENT	AMPLICON	PAIRED	18	1690108800	5633696	0	18	18	0	18	1690108800	5633696	300.0	300.0
2025	ELEMENT	CHIP-SEQ	PAIRED	3	23496840000	313291200	0	3	3	0	3	23496840000	313291200	75.0	75.0
2025	ELEMENT	OTHER	PAIRED	75	418113608544	2817640258	0	75	75	0	75	418113608544	2817640258	147.30666666666667	148.3914092144548
2025	ELEMENT	RNA-SEQ	PAIRED	12	89788085900	731952706	0	12	12	0	12	89788085900	731952706	131.66666666666666	122.66924510830349
2025	ELEMENT	RNA-SEQ	SINGLE	69	9100338121	117289776	0	69	69	0	69	9100338121	117289776	77.73544245794925	77.58850286319927
2025	ELEMENT	WGA	PAIRED	27	53408679536	201797536	0	27	27	0	27	53408679536	201797536	275.0740740740741	264.6646762624495
2025	ELEMENT	WGS	PAIRED	10	246389383500	1642595890	0	10	10	0	10	246389383500	1642595890	150.0	150.0
2025	ILLUMINA	AMPLICON	PAIRED	66148	21831529634252	132045084350	0	66148	66148	0	65028	21831529634252	132045084350	252.21736743222084	165.33390653441617
2025	ILLUMINA	AMPLICON	SINGLE	10846	539749159200	8914351064	0	10846	10846	0	10834	539749159200	8914351064	229.29959113857709	60.54834001094485
2025	ILLUMINA	ATAC-SEQ	PAIRED	418	2678258310239	32610300928	0	418	418	0	284	2678258310239	32610300928	76.64186299596676	82.12921175282324
2025	ILLUMINA	ATAC-SEQ	SINGLE	16	77252366700	951407219	0	16	16	0	15	77252366700	951407219	90.0	81.19800350180022
2025	ILLUMINA	BISULFITE-SEQ	PAIRED	261	7283852716760	49580232016	0	261	261	0	261	7283852716760	49580232016	139.16847358804588	146.91042015312541
2025	ILLUMINA	BISULFITE-SEQ	SINGLE	56	109180100524	977357717	0	56	56	0	56	109180100524	977357717	106.68558581844172	111.70945767853388
2025	ILLUMINA	CHIP-SEQ	PAIRED	317	2254324509672	21835655792	0	317	317	0	312	2254324509672	21835655792	104.93038463931005	103.24052234318165
2025	ILLUMINA	CHIP-SEQ	SINGLE	190	506302597830	7219689345	0	190	190	0	190	506302597830	7219689345	65.96044474858988	70.12803094923193
2025	ILLUMINA	CLONE	PAIRED	1	1449988674	9505974	0	1	1	0	1	1449988674	9505974	152.53446664171395	152.53446664171395
2025	ILLUMINA	CLONEEND	PAIRED	36	1392386208000	9282574720	0	36	36	0	26	1392386208000	9282574720	150.0	150.0
2025	ILLUMINA	CLONEEND	SINGLE	13	547978832458	5649266314	0	13	13	0	4	547978832458	5649266314	97.0	97.0
2025	ILLUMINA	FL-CDNA	PAIRED	359	542997966300	3619986442	0	359	359	0	359	542997966300	3619986442	150.0	150.0
2025	ILLUMINA	FL-CDNA	SINGLE	64	14390482022	195640010	0	64	64	0	64	14390482022	195640010	73.33274817780477	73.5559256105129
2025	ILLUMINA	GBS	PAIRED	258	325852199270	3164190319	0	258	258	0	258	325852199270	3164190319	111.08466352358107	102.98122629140121
2025	ILLUMINA	GBS	SINGLE	11163	3519946836664	30212719139	0	11163	11163	0	11163	3519946836664	30212719139	111.47913803395801	116.5054631617148
2025	ILLUMINA	HI-C	PAIRED	691	89342048794891	595655121284	0	691	691	0	677	89342048794891	595655121284	149.39343312915656	149.98955872704394
2025	ILLUMINA	HI-C	SINGLE	1	70751117100	471674114	0	1	1	0	1	70751117100	471674114	150.0	150.0
2025	ILLUMINA	MIRNA-SEQ	PAIRED	8	47627979276	399739280	0	8	8	0	8	47627979276	399739280	75.75	119.14760860128632
2025	ILLUMINA	MIRNA-SEQ	SINGLE	166	479627223895	7068381926	0	166	166	0	166	479627223895	7068381926	74.10612336917193	67.85530676133416
2025	ILLUMINA	MNASE-SEQ	PAIRED	20	856369677066	8516484576	0	20	20	0	20	856369677066	8516484576	91.25	100.55436247478269
2025	ILLUMINA	NCRNA-SEQ	PAIRED	29	48712681191	892576293	0	29	29	0	29	48712681191	892576293	52.343653710728	54.575369716883124
2025	ILLUMINA	NCRNA-SEQ	SINGLE	101	26284341010	558963219	0	101	101	0	101	26284341010	558963219	37.635819201728914	47.0233820697959
2025	ILLUMINA	OTHER	PAIRED	8421	23251778120051	180487066049	0	8421	8421	0	8366	23251778120051	180487066049	119.72903906124775	128.82794667258003
2025	ILLUMINA	OTHER	SINGLE	3982	1893975641907	30095334408	0	3982	3982	0	3931	1893975641907	30095334408	71.24490064960163	62.93253353594701
2025	ILLUMINA	POOLCLONE	PAIRED	2	728491376	2342416	0	2	2	0	2	728491376	2342416	311.0	311.0
2025	ILLUMINA	RAD-SEQ	PAIRED	3193	1896685479088	13045924331	0	3193	3193	0	3188	1896685479088	13045924331	149.73746514350822	145.38528899643055
2025	ILLUMINA	RAD-SEQ	SINGLE	575	55297457430	658245524	0	575	575	0	397	55297457430	658245524	80.11529047634475	84.00734287408538
2025	ILLUMINA	RIBO-SEQ	SINGLE	7	892203684	34666976	0	7	7	0	7	892203684	34666976	25.73456151351278	25.736415082757723
2025	ILLUMINA	RIP-SEQ	PAIRED	56	574816353174	4695078296	0	56	56	0	56	574816353174	4695078296	113.80156520251634	122.42955642799785
2025	ILLUMINA	RIP-SEQ	SINGLE	19	64032804182	777668001	0	19	19	0	19	64032804182	777668001	72.94700430121877	82.33951261934462
2025	ILLUMINA	RNA-SEQ	PAIRED	25638	109717947971942	1034112231909	0	25638	25638	0	24782	109717947971942	1034112231909	103.82473014688144	106.09868502319097
2025	ILLUMINA	RNA-SEQ	SINGLE	12025	9278282627915	112934807001	0	12025	12025	0	11744	9278282627915	112934807001	78.96140275533153	82.15609407144818
2025	ILLUMINA	SELEX	PAIRED	3	27037699464	180571970	0	3	3	0	3	27037699464	180571970	149.7831931162149	149.73364616889322
2025	ILLUMINA	SELEX	SINGLE	1022	9424953880	235623847	0	1022	1022	0	1010	9424953880	235623847	40.0	40.0
2025	ILLUMINA	SNRNA-SEQ	PAIRED	8	104686299104	1792866736	0	8	8	0	4	104686299104	1792866736	58.25	58.390452007359904
2025	ILLUMINA	SNRNA-SEQ	SINGLE	20	34842715636	928290457	0	20	20	0	14	34842715636	928290457	35.857142857142854	37.53428183308363
2025	ILLUMINA	SSRNA-SEQ	PAIRED	568	4829623334831	44987509891	0	568	568	0	525	4829623334831	44987509891	104.63752852986397	107.35476016638104
2025	ILLUMINA	SSRNA-SEQ	SINGLE	295	675674859539	9157181280	0	295	295	0	268	675674859539	9157181280	201.8027605936386	73.78633652417984
2025	ILLUMINA	SYNTHETIC-LONG-READ	PAIRED	53	26836478375	187539014	0	53	53	0	53	26836478375	187539014	143.19273189695244	143.09810957521617
2025	ILLUMINA	SYNTHETIC-LONG-READ	SINGLE	271	5152335839	4260068	0	271	271	0	270	5152335839	4260068	1204.3841587003408	1209.4492010456172
2025	ILLUMINA	TARGETED-CAPTURE	PAIRED	3164	5354497111295	43810155046	0	3164	3164	0	3161	5354497111295	43810155046	142.06927789658064	122.22045563803321
2025	ILLUMINA	TARGETED-CAPTURE	SINGLE	1413	1132066389232	14977072572	0	1413	1413	0	1293	1132066389232	14977072572	80.79928295814582	75.58662641112026
2025	ILLUMINA	TETHERED CHROMATIN CONFORMATION CAPTURE	PAIRED	1	138731112900	924874086	0	1	1	0	1	138731112900	924874086	150.0	150.0
2025	ILLUMINA	TN-SEQ	PAIRED	15	30173358900	615307178	0	15	15	0	15	30173358900	615307178	40.13333333333333	49.037878930773665
2025	ILLUMINA	TN-SEQ	SINGLE	64	11487265348	614557350	0	64	64	0	64	11487265348	614557350	24.867505337384944	18.69193387403145
2025	ILLUMINA	WGA	PAIRED	1146	11546140390606	79242206687	0	1146	1146	0	1140	11546140390606	79242206687	150.5969202097555	145.70695180426102
2025	ILLUMINA	WGA	SINGLE	34	49728630248	812480346	0	34	34	0	34	49728630248	812480346	61.87131044305708	61.205948541184775
2025	ILLUMINA	WGS	PAIRED	60025	315812117393140	2159504637129	0	60025	60025	0	59721	315812117393140	2159504637129	153.6283865767499	146.24285216307905
2025	ILLUMINA	WGS	SINGLE	8652	32138122717502	369898962287	0	8652	8652	0	8617	32138122717502	369898962287	74.90284807038311	86.88351683605543
2025	ILLUMINA	WXS	PAIRED	371	5562079992639	42624983394	0	371	371	0	371	5562079992639	42624983394	134.62150820429554	130.48873101548077
2025	ILLUMINA	WXS	SINGLE	40	431835493839	3586903939	0	40	40	0	40	431835493839	3586903939	118.15780307480364	120.39226619472622
2025	ION_TORRENT	AMPLICON	SINGLE	1178	169674367873	1430023222	0	1178	1178	0	1166	169674367873	1430023222	1706.7892564024532	118.65147730656922
2025	ION_TORRENT	RNA-SEQ	SINGLE	7	4824225530	44463745	0	7	7	0	7	4824225530	44463745	135.05302980041972	108.4979578305876
2025	ION_TORRENT	WGA	SINGLE	1	893373	5563	0	1	1	0	1	893373	5563	160.59194679129965	160.59194679129965
2025	ION_TORRENT	WGS	SINGLE	2514	888443315136	5753671145	0	2514	2514	0	2514	888443315136	5753671145	153.5338635841443	154.41329418141433
2025	OXFORD_NANOPORE	AMPLICON	SINGLE	2049	233728055815	327009442	0	2049	2049	0	2002	233728055815	327009442	1358.9662552520226	714.7440587204818
2025	OXFORD_NANOPORE	FL-CDNA	SINGLE	74	557353899489	708093691	0	74	74	0	74	557353899489	708093691	684.5813689311797	787.1188609262725
2025	OXFORD_NANOPORE	NCRNA-SEQ	SINGLE	25	0	0	0	25	25	0	0	0	0		
2025	OXFORD_NANOPORE	OTHER	SINGLE	153	569718452940	271079875	0	153	153	0	102	569718452940	271079875	5988.388882411108	2101.6626665480053
2025	OXFORD_NANOPORE	RNA-SEQ	SINGLE	235	312841705588	295760473	0	235	235	0	56	312841705588	295760473	808.6841203355823	1057.7536018073652
2025	OXFORD_NANOPORE	SSRNA-SEQ	SINGLE	9	5971404	3178	0	9	9	0	3	5971404	3178	1895.1762505507243	1878.9817495280051
2025	OXFORD_NANOPORE	SYNTHETIC-LONG-READ	SINGLE	4	0	0	0	4	4	0	0	0	0		
2025	OXFORD_NANOPORE	TARGETED-CAPTURE	SINGLE	2	10705291445	4997478	0	2	2	0	2	10705291445	4997478	2331.873900045092	2142.13878380255
2025	OXFORD_NANOPORE	TN-SEQ	SINGLE	5	1106389299	4533170	0	5	5	0	2	1106389299	4533170	244.07863420881546	244.0652565423313
2025	OXFORD_NANOPORE	WGA	SINGLE	120	390261426384	67579072	0	120	120	0	106	390261426384	67579072	4758.118173675194	5774.8858460796855
2025	OXFORD_NANOPORE	WGS	SINGLE	3104	37883747847713	4251928091	0	3104	3104	0	2782	37883747847713	4251928091	7803.408375152059	8909.780936300647
2025	PACBIO_SMRT	AMPLICON	SINGLE	2835	82737983375	57320900	0	2835	2835	0	2835	82737983375	57320900	1180.689104944901	1443.4173813565383
2025	PACBIO_SMRT	ATAC-SEQ	PAIRED	1	5963989500	39759930	0	1	1	0	1	5963989500	39759930	150.0	150.0
2025	PACBIO_SMRT	FL-CDNA	SINGLE	8	503318045947	178268073	0	8	8	0	8	503318045947	178268073	2775.7971374123445	2823.377385960749
2025	PACBIO_SMRT	HI-C	SINGLE	9	113426588673	10310307	0	9	9	0	9	113426588673	10310307	9916.339871151727	11001.281404423748
2025	PACBIO_SMRT	OTHER	SINGLE	23	240463457479	15584599	0	23	23	0	23	240463457479	15584599	9965.602015793367	15429.556928542082
2025	PACBIO_SMRT	RNA-SEQ	SINGLE	96	1447729209570	585259921	0	96	96	0	92	1447729209570	585259921	1199.306396189812	2473.651718874493
2025	PACBIO_SMRT	TARGETED-CAPTURE	SINGLE	1	3508726438	720353	0	1	1	0	1	3508726438	720353	4870.843097759015	4870.843097759015
2025	PACBIO_SMRT	WGA	SINGLE	97	307747831998	26105653	0	97	97	0	97	307747831998	26105653	20840.20788456898	11788.55139145533
2025	PACBIO_SMRT	WGS	PAIRED	2	29292661105	2369989	0	2	2	0	1	29292661105	2369989	12359.829984442966	12359.829984442966
2025	PACBIO_SMRT	WGS	SINGLE	1785	54296552026686	4751809426	0	1785	1785	0	1732	54296552026686	4751809426	11742.962601714615	11426.500341027355
2025	TAPESTRI	AMPLICON	PAIRED	2	71250857584	471859984	0	2	2	0	2	71250857584	471859984	151.0	151.0
